team,wins,probability_pct
Spain,2198,21.98
Argentina,2147,21.47
England,1510,15.1
France,776,7.76
Netherlands,611,6.11
Croatia,548,5.48
Portugal,546,5.46
Brazil,405,4.05
Colombia,289,2.8899999999999997
Belgium,175,1.7500000000000002
Uruguay,160,1.6
Germany,137,1.37
Norway,63,0.63
Japan,60,0.6
Morocco,38,0.38
Switzerland,35,0.35000000000000003
Cape Verde,33,0.33
Jordan,31,0.31
Uzbekistan,30,0.3
Senegal,26,0.26
