team,wins,probability_pct
Spain,2187,21.87
Argentina,2159,21.59
England,1533,15.329999999999998
France,790,7.9
Netherlands,597,5.970000000000001
Portugal,545,5.45
Croatia,533,5.33
Brazil,393,3.93
Colombia,289,2.8899999999999997
Belgium,173,1.73
Uruguay,161,1.6099999999999999
Germany,139,1.39
Japan,66,0.66
Norway,64,0.64
Morocco,42,0.42
Cape Verde,40,0.4
Switzerland,38,0.38
USA,33,0.33
Uzbekistan,32,0.32
Jordan,30,0.3
